ID,floor,datasheet
urn:uuid:971f1c52-4cb1-4ec7-a3f2-e933b745df11,1,SIE_DS_InhabEM
urn:uuid:971f1c52-4cb1-4ec7-a3f2-e933b745df12,1,SIE_DS_InhabEM
urn:uuid:971f1c52-4cb1-4ec7-a3f2-e933b745df13,1,SIE_DS_InhabEM
urn:uuid:971f1c52-4cb1-4ec7-a3f2-e933b745df14,2,SIE_DS_InhabEM
urn:uuid:971f1c52-4cb1-4ec7-a3f2-e933b745df15,2,SIE_DS_InhabEM
urn:uuid:971f1c52-4cb1-4ec7-a3f2-e933b745df16,2,SIE_DS_InhabEM
urn:uuid:971f1c52-4cb1-4ec7-a3f2-e933b745df17,3,SIE_DS_InhabEM
urn:uuid:971f1c52-4cb1-4ec7-a3f2-e933b745df18,3,SIE_DS_InhabEM
urn:uuid:971f1c52-4cb1-4ec7-a3f2-e933b745df19,3,SIE_DS_InhabEM
